hour,min,sec,ra,deg,arcmin,arcsec,dec,f100,f60,ratio,Temp,planck,Mass
4,1,23.37,60.347375,-74,6,26.2,-74.10727778,5.2847,0.1974,0.037353114,16.43422756,6.25173E-17,3.33679E+25
4,1,20.51,60.33545833,-74,5,9.3,-74.08591667,5.2828,0.1932,0.036571515,16.37494884,6.05662E-17,3.44304E+25
4,1,16.42,60.31841667,-74,3,23,-74.05638889,5.3288,0.2264,0.042486113,16.80464528,7.58306E-17,2.77392E+25
4,1,14.1,60.30875,-74,1,59.1,-74.03308333,5.4399,0.2474,0.045478777,17.00729197,8.39787E-17,2.557E+25
4,1,11.32,60.29716667,-74,0,33.7,-74.00936111,5.5568,0.2381,0.042848402,16.82966003,7.68022E-17,2.85601E+25
4,1,7.81,60.28254167,-73,59,0.5,-73.98347222,5.7198,0.2836,0.049582153,17.27161567,9.55923E-17,2.36193E+25
4,1,6.11,60.27545833,-73,57,41.2,-73.96144444,5.9029,0.2539,0.043012756,16.84096284,7.72443E-17,3.01653E+25
4,1,4.14,60.26725,-73,56,15.3,-73.93758333,6.0612,0.2764,0.045601531,17.01541742,8.43188E-17,2.83755E+25
4,0,59.47,60.24779167,-73,54,32.9,-73.90913889,6.1533,0.2867,0.046592885,17.0805268,8.70822E-17,2.78925E+25
4,0,58.11,60.242125,-73,53,11.6,-73.88655556,6.1774,0.3436,0.055622106,17.63635162,1.13574E-16,2.14701E+25
4,0,55.52,60.23133333,-73,51,49.5,-73.86375,6.2116,0.3812,0.061369051,17.96078575,1.31618E-16,1.86294E+25
4,0,52.2,60.2175,-73,50,19.5,-73.83875,6.3384,0.4016,0.063359838,18.06870671,1.38072E-16,1.8121E+25
4,0,49.22,60.20508333,-73,48,47.7,-73.81325,6.4207,0.4075,0.0634666,18.0744341,1.38421E-16,1.831E+25
4,0,48.2,60.20083333,-73,47,24.5,-73.79013889,6.4057,0.3904,0.06094572,17.93755568,1.30259E-16,1.94119E+25
4,0,44.4,60.185,-73,46,1.6,-73.76711111,6.2396,0.3344,0.053593179,17.51677269,1.07419E-16,2.29289E+25
4,1,43.49,60.43120833,-74,4,52.7,-74.08130556,5.3005,0.1808,0.03410999,16.1826124,5.45581E-17,3.83501E+25
4,1,38.47,60.41029167,-74,3,23.9,-74.05663889,5.3564,0.2213,0.041315062,16.72282674,7.27183E-17,2.90762E+25
4,1,36.77,60.40320833,-74,1,56.2,-74.03227778,5.3725,0.2021,0.037617497,16.45409427,6.31819E-17,3.35654E+25
4,1,34.28,60.39283333,-74,0,28.9,-74.00802778,5.4824,0.2435,0.044414855,16.9362667,8.10503E-17,2.67008E+25
4,1,30.74,60.37808333,-73,58,55.8,-73.98216667,5.6616,0.2761,0.048767133,17.22026588,9.32458E-17,2.39673E+25
4,1,26.89,60.36204167,-73,57,24.5,-73.95680556,5.8954,0.2741,0.046493877,17.07406458,8.68048E-17,2.68088E+25
4,1,25.21,60.35504167,-73,55,56.7,-73.93241667,5.9951,0.2764,0.046104319,17.04855194,8.57166E-17,2.76083E+25
4,1,22.71,60.344625,-73,54,37.9,-73.91052778,6.1136,0.2991,0.048923711,17.23017342,9.36951E-17,2.57566E+25
4,1,19.99,60.33329167,-73,53,4.2,-73.8845,6.2278,0.3465,0.055637625,17.63725549,1.13622E-16,2.16362E+25
4,1,16.63,60.31929167,-73,51,34.2,-73.8595,6.2624,0.3704,0.059146653,17.83768799,1.24535E-16,1.98499E+25
4,1,14.57,60.31070833,-73,49,56.7,-73.83241667,6.3632,0.3886,0.061069902,17.94438053,1.30657E-16,1.92244E+25
4,1,11.18,60.29658333,-73,48,35.2,-73.80977778,6.4207,0.3942,0.061395175,17.96221598,1.31702E-16,1.92442E+25
4,1,9.54,60.28975,-73,47,7.4,-73.78538889,6.3656,0.3962,0.062240794,18.00830828,1.34431E-16,1.86916E+25
4,1,7.78,60.28241667,-73,45,36.3,-73.76008333,6.1833,0.3387,0.054776576,17.58686021,1.10995E-16,2.199E+25
4,2,2.64,60.511,-74,4,42.1,-74.07836111,5.3044,0.1734,0.032689842,16.06743234,5.11881E-17,4.09049E+25
4,2,0.57,60.502375,-74,3,16.3,-74.05452778,5.2973,0.1779,0.033583146,16.1402614,5.32996E-17,3.92319E+25
4,1,56.51,60.48545833,-74,1,41.8,-74.02827778,5.3607,0.2017,0.037625683,16.45470798,6.32025E-17,3.34808E+25
4,1,56.18,60.48408333,-74,0,18,-74.005,5.4879,0.2298,0.041873941,16.76205995,7.41982E-17,2.91959E+25
4,1,51.67,60.46529167,-73,58,42.2,-73.97838889,5.6875,0.2714,0.047718681,17.1533929,9.02561E-17,2.48744E+25
4,1,47.79,60.449125,-73,57,11,-73.95305556,5.9533,0.2712,0.045554566,17.01231036,8.41886E-17,2.79134E+25
4,1,45.76,60.44066667,-73,55,45.1,-73.92919444,6.0187,0.2478,0.041171682,16.71270577,7.23403E-17,3.28421E+25
4,1,43.23,60.430125,-73,54,26.3,-73.90730556,6.1234,0.2694,0.043995166,16.90794649,7.99046E-17,3.02503E+25
4,1,39.55,60.41479167,-73,52,49.9,-73.88052778,6.2474,0.3324,0.053206134,17.4936367,1.06258E-16,2.32085E+25
4,1,38.14,60.40891667,-73,51,28.6,-73.85794444,6.3266,0.3693,0.058372586,17.79413176,1.22099E-16,2.04534E+25
4,1,35.73,60.398875,-73,49,53,-73.83138889,6.4179,0.3814,0.059427539,17.85340458,1.25423E-16,2.01987E+25
4,1,33.73,60.39054167,-73,48,27.1,-73.80752778,6.4707,0.4248,0.065649775,18.19026142,1.45623E-16,1.75401E+25
4,1,29.41,60.37254167,-73,47,2.9,-73.78413889,6.3754,0.3911,0.06134517,17.95947797,1.31541E-16,1.91318E+25
4,1,26.05,60.35854167,-73,45,33,-73.75916667,6.1778,0.3569,0.057771375,17.76005065,1.20218E-16,2.02849E+25
4,2,20.98,60.58741667,-74,4,32.1,-74.07558333,5.2765,0.1574,0.02983038,15.82498604,4.46238E-17,4.66753E+25
4,2,18.89,60.57870833,-74,3,6.2,-74.05172222,5.2477,0.1817,0.034624693,16.22357079,5.57971E-17,3.7125E+25
4,2,17.17,60.57154167,-74,1,30,-74.025,5.3324,0.2132,0.039981997,16.62782763,6.92289E-17,3.04049E+25
4,2,16.24,60.56766667,-73,59,53.2,-73.99811111,5.5761,0.2582,0.046304765,17.0616967,8.6276E-17,2.55123E+25
4,2,15.1,60.56291667,-73,58,30,-73.975,5.7694,0.3171,0.054962388,17.59777759,1.1156E-16,2.04141E+25
4,2,13.02,60.55425,-73,57,4.2,-73.95116667,5.9143,0.3157,0.053379098,17.50398897,1.06776E-16,2.18644E+25
4,2,6.9,60.52875,-73,55,38,-73.92722222,5.9659,0.2779,0.046581404,17.07977791,8.705E-17,2.7053E+25
4,2,4.56,60.519,-73,54,5.6,-73.90155556,6.008,0.3004,0.05,17.29773241,9.68027E-17,2.44991E+25
4,2,3.62,60.51508333,-73,52,37.2,-73.877,6.1994,0.3465,0.055892506,17.65207833,1.14403E-16,2.13904E+25
4,2,0.2,60.50083333,-73,51,7.4,-73.85205556,6.3435,0.3796,0.059840782,17.87644251,1.26733E-16,1.97582E+25
4,1,55.37,60.48070833,-73,49,41.9,-73.82830556,6.5069,0.3978,0.061135103,17.94796039,1.30866E-16,1.96271E+25
4,1,53.62,60.47341667,-73,48,22.5,-73.80625,6.4821,0.4217,0.065056078,18.15900329,1.43652E-16,1.7812E+25
4,1,52.24,60.46766667,-73,46,52.9,-73.78136111,6.4235,0.3751,0.058394956,17.79539561,1.22169E-16,2.07548E+25
4,1,50.41,60.46004167,-73,45,21.8,-73.75605556,6.2872,0.3429,0.054539382,17.57288973,1.10275E-16,2.25054E+25
4,2,40.33,60.66804167,-74,1,19.6,-74.02211111,5.343,0.206,0.038555119,16.52382019,6.55577E-17,3.21714E+25
4,2,38.68,60.66116667,-73,59,55.1,-73.99863889,5.5474,0.284,0.051195154,17.3716715,1.00293E-16,2.18337E+25
4,2,34.72,60.64466667,-73,58,23.9,-73.97330556,5.7671,0.3378,0.058573633,17.80547932,1.2273E-16,1.85487E+25
4,2,31.97,60.63320833,-73,57,1.9,-73.95052778,5.8387,0.3414,0.05847192,17.79974148,1.22411E-16,1.8828E+25
4,2,29.6,60.62333333,-73,55,29.5,-73.92486111,5.9128,0.3045,0.051498444,17.39025903,1.01185E-16,2.30667E+25
4,2,26.41,60.61004167,-73,54,6.2,-73.90172222,5.9143,0.322,0.054444313,17.56727948,1.09987E-16,2.12261E+25
4,2,22.35,60.593125,-73,52,31.7,-73.87547222,6.1864,0.3499,0.05655955,17.6906698,1.16457E-16,2.09692E+25
4,2,18.62,60.57758333,-73,50,55.4,-73.84872222,6.3471,0.3818,0.060153456,17.89380751,1.27728E-16,1.96155E+25
4,2,16.88,60.57033333,-73,49,27.6,-73.82433333,6.4187,0.3929,0.061211772,17.95216687,1.31112E-16,1.93247E+25
4,2,14.46,60.56025,-73,48,12.1,-73.80336111,6.4357,0.4066,0.063178831,18.05898252,1.37481E-16,1.84783E+25
4,2,11.82,60.54925,-73,46,41.7,-73.77825,6.3794,0.3202,0.050192808,17.30973646,9.7363E-17,2.58639E+25
4,2,8.58,60.53575,-73,45,6.6,-73.75183333,6.2793,0.3108,0.049495963,17.266211,9.53432E-17,2.59974E+25
4,3,0.26,60.75108333,-73,59,37.3,-73.99369444,5.4226,0.264,0.048685133,17.21506913,9.30108E-17,2.30135E+25
4,2,55.34,60.73058333,-73,58,3.4,-73.96761111,5.6127,0.3056,0.054447948,17.56749413,1.09998E-16,2.01416E+25
4,2,52.6,60.71916667,-73,56,33,-73.9425,5.7265,0.3018,0.052702349,17.46336167,1.04753E-16,2.1579E+25
4,2,51.23,60.71345833,-73,55,15,-73.92083333,5.7407,0.2656,0.046266135,17.05916629,8.61681E-17,2.62983E+25
4,2,48.61,60.70254167,-73,53,56.3,-73.89897222,5.7324,0.2609,0.045513223,17.00957348,8.40741E-17,2.69143E+25
4,2,44.05,60.68354167,-73,52,20.6,-73.87238889,6.0045,0.307,0.05112832,17.36756604,1.00097E-16,2.36791E+25
4,2,42.73,60.67804167,-73,50,54.1,-73.84836111,6.1301,0.3542,0.05778046,17.76056734,1.20247E-16,2.01235E+25
4,2,40.5,60.66875,-73,49,25,-73.82361111,6.2707,0.3281,0.052322707,17.44042521,1.03623E-16,2.38873E+25
4,2,36.71,60.65295833,-73,47,57.1,-73.79919444,6.2278,0.3133,0.050306689,17.31681275,9.76944E-17,2.51636E+25
4,2,34.77,60.644875,-73,46,34.5,-73.77625,6.1569,0.3004,0.048790788,17.22176394,9.33137E-17,2.60451E+25
4,2,30.77,60.62820833,-73,44,51.7,-73.74769444,6.0266,0.3121,0.051787077,17.40788361,1.02037E-16,2.33144E+25
4,3,22.47,60.843625,-73,59,15.5,-73.98763889,5.2859,0.1828,0.034582569,16.22023391,5.56953E-17,3.74635E+25
4,3,17.63,60.82345833,-73,57,53.4,-73.96483333,5.4781,0.2132,0.038918603,16.55055124,6.64866E-17,3.2524E+25
4,3,16.36,60.81816667,-73,56,38.6,-73.94405556,5.5013,0.1884,0.034246451,16.19351121,5.48857E-17,3.95653E+25
4,3,11.92,60.79966667,-73,54,57.7,-73.91602778,5.6115,0.1572,0.0280139,15.66277374,4.06125E-17,5.45416E+25
4,3,9.95,60.79145833,-73,53,26.7,-73.89075,5.6899,0.1992,0.035009403,16.25392222,5.67291E-17,3.9592E+25
4,3,6.25,60.77604167,-73,52,2.1,-73.86725,5.8041,0.2453,0.042263228,16.78918689,7.52349E-17,3.04526E+25
4,3,3.2,60.76333333,-73,50,33.6,-73.84266667,5.849,0.2658,0.045443666,17.00496522,8.38815E-17,2.75248E+25
4,3,1.25,60.75520833,-73,49,2.6,-73.81738889,5.9679,0.2622,0.043935053,16.90387578,7.9741E-17,2.95426E+25
4,2,57.43,60.73929167,-73,47,34.7,-73.79297222,5.8663,0.2586,0.044082301,16.91384059,8.0142E-17,2.88943E+25
4,2,55.29,60.730375,-73,46,17.4,-73.7715,5.9049,0.2494,0.042236109,16.78730244,7.51625E-17,3.10113E+25
4,2,53.08,60.72116667,-73,44,39.8,-73.74438889,5.7856,0.264,0.045630531,17.01733495,8.43992E-17,2.70594E+25
4,3,40.4,60.91833333,-73,57,36,-73.96,5.2922,0.1459,0.027568875,15.62195906,3.96491E-17,5.2688E+25
4,3,38.32,60.90966667,-73,56,21.9,-73.93941667,5.4277,0.1533,0.028244008,15.68370647,4.11136E-17,5.21121E+25
4,3,34.92,60.8955,-73,54,47,-73.91305556,5.5092,0.1441,0.026156248,15.4893789,3.66425E-17,5.93488E+25
4,3,32.21,60.88420833,-73,53,36.7,-73.89352778,5.5218,0.1704,0.030859502,15.91396202,4.69517E-17,4.64235E+25
4,3,27.44,60.86433333,-73,51,57.7,-73.86602778,5.4415,0.1659,0.030487917,15.88206781,4.61066E-17,4.65869E+25
4,3,24.53,60.85220833,-73,50,24.1,-73.84002778,5.482,0.1792,0.0326888,16.06734656,5.11857E-17,4.22765E+25
4,3,20.08,60.83366667,-73,48,51.7,-73.81436111,5.5367,0.1785,0.032239421,16.03020772,5.01343E-17,4.35938E+25
4,3,19.49,60.83120833,-73,47,24.7,-73.79019444,5.58,0.1909,0.03421147,16.19072009,5.48016E-17,4.01929E+25
4,3,17.17,60.82154167,-73,46,4,-73.76777778,5.632,0.2102,0.037322443,16.43191688,6.24403E-17,3.56046E+25
4,3,13.52,60.80633333,-73,44,31,-73.74194444,5.5867,0.239,0.042780174,16.82495969,7.66189E-17,2.87825E+25
4,3,58.15,60.99229167,-73,55,44.8,-73.92911111,5.2422,0.1691,0.032257449,16.0317043,5.01764E-17,4.12404E+25
4,3,55.76,60.98233333,-73,54,24.2,-73.90672222,5.3552,0.1439,0.026871079,15.5570573,3.8154E-17,5.54043E+25
4,3,52.13,60.96720833,-73,53,2.9,-73.88413889,5.3391,0.1486,0.027832406,15.64618151,4.02186E-17,5.24022E+25
4,3,39.71,60.91545833,-73,48,31.5,-73.80875,5.269,0.118,0.022395141,15.11087756,2.90339E-17,7.1636E+25
4,3,40.01,60.91670833,-73,47,7.2,-73.78533333,5.278,0.1549,0.029348238,15.78259245,4.35469E-17,4.78433E+25
4,3,36.75,60.903125,-73,45,43.9,-73.76219444,5.3127,0.1531,0.028817739,15.73540323,4.23721E-17,4.9493E+25
4,3,30.28,60.87616667,-73,44,11.4,-73.7365,5.3722,0.199,0.037042552,16.41077235,6.17396E-17,3.43477E+25
4,3,52.25,60.96770833,-73,44,1.1,-73.73363889,5.2367,0.1291,0.02465293,15.34284638,3.35308E-17,6.16484E+25
4,3,53.91,60.974625,-73,42,40.7,-73.71130556,5.3088,0.1318,0.024826703,15.36008947,3.38858E-17,6.18425E+25
4,3,31.97,60.88320833,-73,42,51,-73.71416667,5.4607,0.1502,0.027505631,15.61612279,3.95128E-17,5.45531E+25
4,3,12.34,60.80141667,-73,42,59.4,-73.7165,5.6856,0.1772,0.031166456,15.94011558,4.76536E-17,4.70965E+25
4,2,49.12,60.70466667,-73,43,17.1,-73.72141667,5.7773,0.2195,0.037993526,16.48219312,6.41312E-17,3.55602E+25
4,2,27.93,60.616375,-73,43,26.4,-73.724,5.9246,0.289,0.048779664,17.22105956,9.32818E-17,2.5071E+25
4,2,8.42,60.53508333,-73,43,37.7,-73.72713889,5.9801,0.2732,0.045684855,17.02092483,8.45499E-17,2.79193E+25
4,1,46.39,60.44329167,-73,43,55.8,-73.73216667,6.0419,0.2759,0.045664443,17.0195763,8.44933E-17,2.82267E+25
4,1,27,60.3625,-73,44,10.1,-73.73613889,5.9226,0.2833,0.047833722,17.16077626,9.05826E-17,2.58093E+25
4,1,3.63,60.265125,-73,44,15.4,-73.73761111,5.8513,0.2899,0.049544546,17.26925818,9.54836E-17,2.41898E+25
4,0,43.45,60.18104167,-73,44,30,-73.74166667,6.1403,0.3501,0.057016758,17.71695557,1.17871E-16,2.05632E+25
4,3,49.27,60.95529167,-73,41,13.5,-73.68708333,5.2765,0.1367,0.025907325,15.46551776,3.61209E-17,5.76628E+25
4,3,29.36,60.87233333,-73,41,23.9,-73.68997222,5.3926,0.1419,0.026313837,15.50440566,3.6974E-17,5.75719E+25
4,3,7.73,60.78220833,-73,41,40.5,-73.69458333,5.4934,0.123,0.022390505,15.11038511,2.90249E-17,7.47101E+25
4,2,45.2,60.68833333,-73,41,46,-73.69611111,5.582,0.1605,0.028753135,15.72961683,4.22297E-17,5.21771E+25
4,2,26.78,60.61158333,-73,42,3.3,-73.70091667,5.6938,0.212,0.037233482,16.4252076,6.22173E-17,3.61243E+25
4,2,4.84,60.52016667,-73,42,13,-73.70361111,5.786,0.219,0.037849983,16.47148847,6.37683E-17,3.58164E+25
4,1,45.99,60.441625,-73,42,20.3,-73.70563889,5.7675,0.2534,0.043935847,16.90392963,7.97432E-17,2.85498E+25
4,1,23.21,60.34670833,-73,42,38.8,-73.71077778,5.6801,0.2872,0.05056249,17.33267031,9.84403E-17,2.27768E+25
4,1,1.83,60.257625,-73,42,52.8,-73.71466667,5.6265,0.3029,0.053834533,17.53114618,1.08145E-16,2.05371E+25
4,0,43.54,60.18141667,-73,43,4.3,-73.71786111,5.845,0.3236,0.055363559,17.62126891,1.12784E-16,2.04572E+25
4,3,4.84,60.77016667,-73,40,15.3,-73.67091667,5.2568,0.1099,0.020906255,14.94899819,2.61886E-17,7.9235E+25
4,2,44.04,60.6835,-73,40,22.8,-73.673,5.4544,0.1662,0.030470813,15.88059345,4.60679E-17,4.67366E+25
4,2,22.63,60.59429167,-73,40,25.6,-73.67377778,5.5808,0.2136,0.038274083,16.50303896,6.48425E-17,3.39739E+25
4,2,2.81,60.51170833,-73,40,47.2,-73.67977778,5.6222,0.2375,0.04224325,16.78779873,7.51816E-17,2.95191E+25
4,1,40.9,60.42041667,-73,40,56.8,-73.68244444,5.5623,0.2552,0.045880301,17.03381778,8.50929E-17,2.5803E+25
4,1,19.88,60.33283333,-73,41,8.9,-73.68580556,5.4989,0.2786,0.050664678,17.33899083,9.87387E-17,2.19835E+25
4,0,57.76,60.24066667,-73,41,23.4,-73.68983333,5.4682,0.2683,0.049065506,17.23912802,9.41026E-17,2.29378E+25
4,0,38.59,60.16079167,-73,41,32.2,-73.69227778,5.6328,0.3213,0.057040903,17.71834001,1.17946E-16,1.88517E+25
4,2,38.6,60.66083333,-73,38,52.8,-73.648,5.256,0.1603,0.030498478,15.88297787,4.61306E-17,4.49754E+25
4,2,19.36,60.58066667,-73,38,59,-73.64972222,5.3808,0.2028,0.037689563,16.45949368,6.33635E-17,3.3521E+25
4,2,0.11,60.50045833,-73,39,5,-73.65138889,5.469,0.2689,0.049168038,17.24559278,9.43976E-17,2.28694E+25
4,1,39.86,60.41608333,-73,39,25.1,-73.65697222,5.48,0.2739,0.049981752,17.29659477,9.67498E-17,2.23583E+25
4,1,15.97,60.31654167,-73,39,34.4,-73.65955556,5.4403,0.2815,0.05174347,17.40522488,1.01908E-16,2.10729E+25
4,0,55.89,60.232875,-73,39,49.1,-73.66363889,5.4395,0.2829,0.052008457,17.42135915,1.02692E-16,2.0909E+25
4,0,38.62,60.16091667,-73,39,54.9,-73.66525,5.5895,0.3452,0.061758655,17.98207656,1.32873E-16,1.66053E+25
4,1,56.25,60.484375,-73,37,42.2,-73.62838889,5.2997,0.2465,0.046512067,17.0752525,8.68558E-17,2.40858E+25
4,1,36.02,60.40008333,-73,38,2.3,-73.63397222,5.4434,0.2368,0.043502223,16.87445875,7.8566E-17,2.73492E+25
4,1,14.02,60.30841667,-73,38,8.5,-73.63569444,5.4981,0.2188,0.039795566,16.6143778,6.87454E-17,3.15702E+25
4,0,55.69,60.23204167,-73,38,16.9,-73.63802778,5.5419,0.3292,0.05940201,17.8519781,1.25342E-16,1.7453E+25
4,0,34.59,60.144125,-73,38,25.5,-73.64041667,5.697,0.3384,0.059399684,17.8518481,1.25335E-16,1.79425E+25
4,1,30.02,60.37508333,-73,36,16,-73.60444444,5.3875,0.2107,0.039109049,16.56449156,6.6975E-17,3.17529E+25
4,1,9.77,60.29070833,-73,36,44.3,-73.61230556,5.4615,0.2548,0.04665385,17.08450152,8.72531E-17,2.47081E+25
4,0,52.56,60.219,-73,36,50.2,-73.61394444,5.4879,0.2914,0.053098635,17.4871919,1.05936E-16,2.04489E+25
4,0,28.79,60.11995833,-73,37,10.8,-73.61966667,5.7037,0.3578,0.06273121,18.03486032,1.36023E-16,1.65521E+25
4,1,28.2,60.3675,-73,34,53.4,-73.5815,5.3111,0.174,0.032761575,16.07332902,5.13566E-17,4.08222E+25
4,1,8.34,60.28475,-73,35,11.4,-73.5865,5.3198,0.2309,0.043403887,16.86774901,7.82999E-17,2.6819E+25
4,0,46.8,60.195,-73,35,27.1,-73.59086111,5.4241,0.3252,0.059954647,17.88277281,1.27095E-16,1.68464E+25
4,0,26.92,60.11216667,-73,35,44.9,-73.59580556,5.712,0.3312,0.057983193,17.77208347,1.2088E-16,1.86528E+25
4,0,47.18,60.19658333,-73,33,39.4,-73.56094444,5.3659,0.2004,0.03734695,16.43376331,6.25018E-17,3.3889E+25
4,0,25.93,60.10804167,-73,34,1.6,-73.56711111,5.5513,0.2638,0.047520401,17.14064021,8.96943E-17,2.44308E+25
4,0,25.34,60.10558333,-73,32,28.1,-73.54113889,5.3907,0.2042,0.037880053,16.47373311,6.38442E-17,3.33298E+25
3,59,56.6,59.98583333,-73,29,40.9,-73.49469444,5.3407,0.2635,0.049338102,17.25629646,9.48876E-17,2.22176E+25
3,59,59.13,59.996375,-73,31,14.7,-73.52075,5.4139,0.2773,0.051220008,17.3731973,1.00366E-16,2.12928E+25
4,0,1.09,60.00454167,-73,32,43.8,-73.5455,5.6753,0.2941,0.051821049,17.40995389,1.02137E-16,2.19338E+25
4,0,6.07,60.02529167,-73,34,19.2,-73.572,5.9573,0.3018,0.050660534,17.33873466,9.87266E-17,2.3819E+25
4,0,8.61,60.035875,-73,35,32.9,-73.59247222,6.0722,0.3499,0.057623267,17.75162051,1.19756E-16,2.0015E+25
4,0,9.06,60.03775,-73,37,23.3,-73.62313889,6.0439,0.3486,0.057677989,17.75473685,1.19927E-16,1.98934E+25
4,0,12.07,60.05029167,-73,38,38.3,-73.64397222,6.0096,0.3938,0.065528488,18.18388997,1.45219E-16,1.63354E+25
4,0,17.02,60.07091667,-73,40,2,-73.66722222,5.9659,0.3409,0.05714142,17.72409954,1.18258E-16,1.99138E+25
4,0,18.38,60.07658333,-73,41,35,-73.69305556,5.8655,0.398,0.067854403,18.30482409,1.53017E-16,1.51312E+25
3,59,32.03,59.88345833,-73,28,26.2,-73.47394444,5.2717,0.3209,0.060872204,17.93351126,1.30023E-16,1.60044E+25
3,59,37.84,59.90766667,-73,30,4.3,-73.50119444,5.4611,0.2021,0.037007196,16.40809388,6.16513E-17,3.49661E+25
3,59,38.87,59.91195833,-73,31,30.8,-73.52522222,5.6348,0.2743,0.048679634,17.21472044,9.29951E-17,2.39181E+25
3,59,40.67,59.91945833,-73,32,56.7,-73.54908333,5.8754,0.3207,0.054583518,17.57549221,1.10409E-16,2.10059E+25
3,59,41.96,59.92483333,-73,34,9.6,-73.56933333,6.1774,0.3639,0.058908279,17.82431322,1.23783E-16,1.96994E+25
3,59,44.73,59.936375,-73,35,29.8,-73.59161111,6.4049,0.3713,0.057971241,17.77140522,1.20842E-16,2.09219E+25
3,59,49.71,59.957125,-73,37,25.3,-73.62369444,6.3396,0.4021,0.063426715,18.07229508,1.38291E-16,1.80958E+25
3,59,50.63,59.96095833,-73,38,48.6,-73.64683333,6.3652,0.4385,0.068890216,18.35785457,1.56534E-16,1.60514E+25
3,59,55.23,59.980125,-73,40,14.2,-73.67061111,6.3345,0.4244,0.066998185,18.26060899,1.50131E-16,1.66552E+25
3,59,57.66,59.99025,-73,41,44.7,-73.69575,6.2494,0.4129,0.066070343,18.21229817,1.47024E-16,1.67787E+25
3,59,12.91,59.80379167,-73,28,39.7,-73.47769444,5.3072,0.4464,0.08411215,19.08650259,2.11174E-16,9.92048E+24
3,59,16.45,59.81854167,-73,30,11.1,-73.50308333,5.5304,0.2408,0.043541154,16.87711245,7.86715E-17,2.7749E+25
3,59,17.58,59.82325,-73,31,40.8,-73.528,5.7513,0.2492,0.043329334,16.86265543,7.80983E-17,2.90692E+25
3,59,20.18,59.83408333,-73,32,57.8,-73.54938889,6.1116,0.3409,0.055779174,17.64549271,1.14056E-16,2.11518E+25
3,59,22.08,59.842,-73,34,47.1,-73.57975,6.4109,0.4073,0.063532421,18.07796217,1.38636E-16,1.82537E+25
3,59,26.69,59.86120833,-73,36,4.3,-73.60119444,6.5294,0.3908,0.05985236,17.87708654,1.2677E-16,2.03313E+25
3,59,26.62,59.86091667,-73,37,33.3,-73.62591667,6.5743,0.3953,0.060128074,17.89240002,1.27647E-16,2.03305E+25
3,59,29.06,59.87108333,-73,38,55.4,-73.64872222,6.566,0.4439,0.067605848,18.29202449,1.52178E-16,1.70317E+25
3,59,32.02,59.88341667,-73,40,30.6,-73.67516667,6.5786,0.4664,0.070896543,18.45918946,1.6342E-16,1.58905E+25
3,59,35.25,59.896875,-73,41,52.2,-73.69783333,6.5136,0.4453,0.068364652,18.33100939,1.54746E-16,1.66153E+25
3,58,46.11,59.692125,-73,27,46.4,-73.46288889,5.2284,0.448,0.085685869,19.15710544,2.17128E-16,9.5052E+24
3,58,51.35,59.71395833,-73,28,51.5,-73.48097222,5.4281,0.3409,0.062802822,18.03872672,1.36256E-16,1.57254E+25
3,58,54.93,59.728875,-73,30,14.4,-73.504,5.697,0.2561,0.044953484,16.97236031,8.25285E-17,2.7249E+25
3,58,56.73,59.736375,-73,31,52.1,-73.53113889,5.8604,0.2921,0.049843014,17.28793674,9.63474E-17,2.40102E+25
3,58,58.47,59.743625,-73,33,18,-73.555,6.1789,0.3771,0.06103028,17.94220394,1.3053E-16,1.86858E+25
3,59,4.64,59.76933333,-73,34,45.9,-73.57941667,6.4313,0.4392,0.068291014,18.32723786,1.54496E-16,1.64319E+25
3,59,4.08,59.767,-73,36,13.5,-73.60375,6.4573,0.4372,0.067706317,18.29720174,1.52517E-16,1.67125E+25
3,59,7.96,59.78316667,-73,37,43,-73.62861111,6.6187,0.4237,0.064015592,18.10379113,1.40221E-16,1.86324E+25
3,59,10.63,59.79429167,-73,39,11.6,-73.65322222,6.7168,0.4646,0.069169843,18.37208609,1.57488E-16,1.68354E+25
3,59,12.73,59.80304167,-73,40,35.7,-73.67658333,6.7436,0.4887,0.072468711,18.53736878,1.68885E-16,1.57619E+25
3,59,14.76,59.8115,-73,42,8.1,-73.70225,6.6593,0.4927,0.073986755,18.6118748,1.74218E-16,1.50884E+25
3,58,28.16,59.61733333,-73,27,28.7,-73.45797222,5.3623,0.4597,0.085728139,19.15899101,2.17289E-16,9.74142E+24
3,58,30.55,59.62729167,-73,29,2.5,-73.48402778,5.6466,0.2514,0.044522367,16.94349366,8.13446E-17,2.7401E+25
3,58,36.01,59.65004167,-73,30,34.3,-73.50952778,5.9073,0.2833,0.047957612,17.16871487,9.09346E-17,2.5643E+25
3,58,36.63,59.652625,-73,32,2.7,-73.53408333,5.9982,0.3276,0.054616385,17.57742936,1.10509E-16,2.14256E+25
3,58,40.78,59.66991667,-73,33,30.3,-73.55841667,6.2128,0.3672,0.059103786,17.83528528,1.244E-16,1.97141E+25
3,58,42.82,59.67841667,-73,34,54.3,-73.58175,6.3152,0.4239,0.067123765,18.26711577,1.50553E-16,1.65579E+25
3,58,44.35,59.68479167,-73,36,25.5,-73.60708333,6.4211,0.4563,0.071062591,18.46749653,1.63995E-16,1.54557E+25
3,58,47.63,59.69845833,-73,37,50.4,-73.63066667,6.694,0.4133,0.061741858,17.98116042,1.32819E-16,1.98946E+25
3,58,47.43,59.697625,-73,39,27.7,-73.65769444,6.8455,0.4552,0.066496238,18.23452557,1.48447E-16,1.82029E+25
3,58,49.31,59.70545833,-73,40,36.8,-73.67688889,6.8219,0.5148,0.075462848,18.68342953,1.79457E-16,1.50056E+25
3,58,53.89,59.72454167,-73,42,14.2,-73.70394444,6.8389,0.5109,0.074704996,18.64680008,1.76761E-16,1.52724E+25
3,58,8.03,59.53345833,-73,27,35.9,-73.45997222,5.3292,0.4687,0.087949411,19.25730347,2.25788E-16,9.31686E+24
3,58,11.8,59.54916667,-73,29,5.4,-73.48483333,5.6895,0.2285,0.040161701,16.64075344,6.96959E-17,3.22237E+25
3,58,11.59,59.54829167,-73,30,54.4,-73.51511111,5.9006,0.2741,0.046452903,17.07138767,8.66902E-17,2.6868E+25
3,58,15.77,59.56570833,-73,32,13.7,-73.53713889,5.9033,0.3074,0.05207257,17.42525492,1.02881E-16,2.26499E+25
3,58,16.68,59.5695,-73,33,40.2,-73.56116667,6.0234,0.3204,0.053192549,17.49282272,1.06217E-16,2.23849E+25
3,58,19.46,59.58108333,-73,35,3.7,-73.58436111,6.1911,0.3931,0.063494371,18.07592291,1.38512E-16,1.76437E+25
3,58,23.52,59.598,-73,36,39.8,-73.61105556,6.3329,0.4379,0.069146836,18.37091653,1.57409E-16,1.58811E+25
3,58,25.02,59.60425,-73,38,10.9,-73.63636111,6.5959,0.4286,0.06497976,18.15497235,1.434E-16,1.81566E+25
3,58,27.65,59.61520833,-73,39,19.5,-73.65541667,6.8345,0.4426,0.064759675,18.14333135,1.42672E-16,1.89094E+25
3,58,31.42,59.63091667,-73,40,57.5,-73.68263889,6.9834,0.513,0.073459919,18.58612463,1.72361E-16,1.59932E+25
3,58,32.81,59.63670833,-73,42,25.3,-73.70702778,7.1338,0.528,0.07401385,18.61319604,1.74314E-16,1.61546E+25
3,57,48.3,59.45125,-73,28,4.4,-73.46788889,5.2548,0.4864,0.09256299,19.45685377,2.43785E-16,8.50859E+24
3,57,50.02,59.45841667,-73,29,21.9,-73.48941667,5.584,0.2138,0.038287966,16.50406789,6.48778E-17,3.39749E+25
3,57,51.58,59.46491667,-73,30,56.3,-73.51563889,5.7364,0.2417,0.04213444,16.78023053,7.48914E-17,3.02354E+25
3,57,55.46,59.48108333,-73,32,29.2,-73.54144444,5.6986,0.2505,0.043958165,16.90544133,7.98039E-17,2.81872E+25
3,57,58.53,59.493875,-73,33,50.8,-73.56411111,5.736,0.2707,0.047193166,17.11951864,8.87698E-17,2.55066E+25
3,57,59.42,59.49758333,-73,35,17.3,-73.58813889,5.9277,0.3378,0.05698669,17.71523096,1.17778E-16,1.98669E+25
3,58,2.51,59.51045833,-73,36,39,-73.61083333,6.0959,0.398,0.065289785,18.17132903,1.44427E-16,1.66609E+25
3,58,4.88,59.52033333,-73,38,12.9,-73.63691667,6.3652,0.3789,0.059526802,17.85894758,1.25737E-16,1.99828E+25
3,58,6.68,59.52783333,-73,39,42.1,-73.66169444,6.7066,0.421,0.062773984,18.03717005,1.36162E-16,1.94426E+25
3,58,10.04,59.54183333,-73,41,10.3,-73.68619444,7.0109,0.4945,0.070533027,18.44096144,1.62165E-16,1.70657E+25
3,58,11,59.54583333,-73,42,48.5,-73.71347222,7.2306,0.5501,0.07607944,18.71306604,1.81661E-16,1.57116E+25
3,57,30.33,59.376375,-73,29,41.9,-73.49497222,5.3277,0.5319,0.099836703,19.75980507,2.73079E-16,7.70122E+24
3,57,30.41,59.37670833,-73,31,9,-73.51916667,5.4383,0.1864,0.034275417,16.19582095,5.49553E-17,3.90627E+25
3,57,34.25,59.39270833,-73,32,41.8,-73.54494444,5.4584,0.1954,0.035798036,16.3154584,5.86558E-17,3.67335E+25
3,57,37.94,59.40808333,-73,33,59.7,-73.56658333,5.4824,0.2152,0.039252882,16.57499048,6.73446E-17,3.21349E+25
3,57,39.37,59.41404167,-73,35,30.9,-73.59191667,5.723,0.2822,0.049309803,17.25451697,9.4806E-17,2.38285E+25
3,57,42.03,59.425125,-73,37,2.9,-73.61747222,5.8088,0.3427,0.058996695,17.82927805,1.24062E-16,1.84823E+25
3,57,43.88,59.43283333,-73,38,23.7,-73.63991667,6.1982,0.3843,0.062001872,17.99532517,1.33658E-16,1.83054E+25
3,57,42.79,59.42829167,-73,40,1.6,-73.66711111,6.6353,0.4025,0.060660407,17.92184223,1.29345E-16,2.02497E+25
3,57,45.87,59.441125,-73,41,23.2,-73.68977778,6.944,0.4871,0.070146889,18.42153562,1.60836E-16,1.70426E+25
3,57,53.91,59.474625,-73,43,0,-73.71666667,7.2003,0.5458,0.075802397,18.69976818,1.8067E-16,1.57316E+25
3,57,11.32,59.29716667,-73,31,25.1,-73.52363889,5.2465,0.5312,0.101248451,19.81708015,2.78892E-16,7.42577E+24
3,57,10.49,59.29370833,-73,32,49.3,-73.54702778,5.345,0.1452,0.027165575,15.5845855,3.87827E-17,5.44025E+25
3,57,15.81,59.315875,-73,34,9.5,-73.56930556,5.4178,0.1925,0.035531027,16.29472521,5.80011E-17,3.68719E+25
3,57,17.74,59.32391667,-73,35,33.6,-73.59266667,5.5458,0.2246,0.040499116,16.66492136,7.05757E-17,3.10183E+25
3,57,19.95,59.333125,-73,37,15.9,-73.62108333,5.7427,0.2917,0.050794922,17.34703483,9.91196E-17,2.287E+25
3,57,23.56,59.34816667,-73,38,42.3,-73.64508333,6.1679,0.3812,0.061803855,17.98454122,1.33019E-16,1.83035E+25
3,57,23.83,59.34929167,-73,40,4.2,-73.66783333,6.6719,0.3886,0.058244278,17.78687696,1.21697E-16,2.16411E+25
3,57,25.58,59.35658333,-73,41,33.4,-73.69261111,7.0121,0.4354,0.062092668,18.00026277,1.33952E-16,2.06637E+25
3,57,29.54,59.37308333,-73,42,57.9,-73.71608333,7.2161,0.5474,0.075858151,18.70244668,1.80869E-16,1.57488E+25
3,56,53.23,59.22179167,-73,33,2.4,-73.55066667,5.2619,0.5973,0.11351413,20.29617156,3.31086E-16,6.2735E+24
3,56,53.91,59.224625,-73,34,25.7,-73.57380556,5.4044,0.172,0.03182592,15.99572819,4.91733E-17,4.33837E+25
3,56,56.04,59.2335,-73,35,56.3,-73.59897222,5.4686,0.1992,0.036426142,16.36383154,6.02056E-17,3.58548E+25
3,56,59.7,59.24875,-73,37,14.3,-73.62063889,5.7163,0.2836,0.049612512,17.2735179,9.568E-17,2.35832E+25
3,57,1.28,59.25533333,-73,38,40.3,-73.64452778,6.1407,0.3836,0.062468448,18.0206501,1.35169E-16,1.79328E+25
3,57,3.64,59.26516667,-73,40,5.8,-73.66827778,6.5652,0.4196,0.063912752,18.09830379,1.39883E-16,1.85264E+25
3,57,4.13,59.26720833,-73,41,34.2,-73.69283333,6.99,0.4819,0.068941345,18.36045943,1.56708E-16,1.76074E+25
3,57,11.21,59.29670833,-73,43,8.3,-73.71897222,7.1771,0.5379,0.074946705,18.65850724,1.77619E-16,1.59502E+25
3,56,31.87,59.13279167,-73,34,38.4,-73.57733333,5.2777,0.5971,0.113136404,20.28187929,3.29435E-16,6.32389E+24
3,56,33.3,59.13875,-73,36,1.2,-73.60033333,5.4773,0.2084,0.038047943,16.48624428,6.4269E-17,3.36414E+25
3,56,39.36,59.164,-73,37,20.9,-73.62247222,5.734,0.2746,0.04788978,17.16437001,9.07418E-17,2.49436E+25
3,56,42.25,59.17604167,-73,38,51.1,-73.64752778,6.0025,0.3585,0.059725115,17.87000425,1.26366E-16,1.87504E+25
3,56,43.73,59.18220833,-73,40,25.5,-73.67375,6.366,0.4102,0.064436067,18.12616988,1.41604E-16,1.7746E+25
3,56,44.07,59.183625,-73,41,50.6,-73.69738889,6.6829,0.4732,0.070807584,18.45473402,1.63113E-16,1.61728E+25
3,56,47.19,59.196625,-73,43,15.6,-73.721,6.9605,0.5274,0.075770419,18.69823134,1.80555E-16,1.52173E+25
3,56,12.09,59.050375,-73,36,4.9,-73.60136111,5.4674,0.5651,0.103358086,19.90180171,2.87655E-16,7.50269E+24
3,56,15.62,59.06508333,-73,37,43,-73.62861111,5.6474,0.2183,0.038654956,16.53117874,6.58124E-17,3.38727E+25
3,56,20.24,59.08433333,-73,39,7,-73.65194444,5.8521,0.2903,0.049606124,17.27311774,9.56616E-17,2.41481E+25
3,56,20.34,59.08475,-73,40,37.3,-73.67702778,6.1431,0.3753,0.061092934,17.94564536,1.30731E-16,1.85489E+25
3,56,24.41,59.10170833,-73,41,56.7,-73.69908333,6.479,0.387,0.05973144,17.87035654,1.26386E-16,2.02356E+25
3,55,52.1,58.96708333,-73,36,9.3,-73.60258333,5.4603,0.5042,0.092339249,19.44731494,2.42902E-16,8.87349E+24
3,55,55.48,58.98116667,-73,37,44.2,-73.62894444,5.5954,0.2629,0.046985023,17.10603488,8.81834E-17,2.50468E+25
3,55,57.86,58.99108333,-73,39,13,-73.65361111,5.76,0.3128,0.054305556,17.55907988,1.09567E-16,2.07516E+25
3,56,1.03,59.00429167,-73,40,41.3,-73.67813889,5.908,0.2872,0.048612051,17.21043291,9.28016E-17,2.51301E+25
3,56,4,59.01666667,-73,42,14.8,-73.70411111,6.0746,0.2881,0.047426991,17.13462059,8.94301E-17,2.68128E+25
3,56,4.4,59.01833333,-73,43,43.2,-73.72866667,6.2695,0.3166,0.050498445,17.32870485,9.82533E-17,2.5188E+25
3,55,31.79,58.88245833,-73,36,27.2,-73.60755556,5.393,0.4097,0.075968849,18.70776127,1.81265E-16,1.17442E+25
3,55,34.37,58.89320833,-73,38,2.6,-73.63405556,5.5828,0.2541,0.045514795,17.00967759,8.40784E-17,2.62105E+25
3,55,37.05,58.904375,-73,39,29.6,-73.65822222,5.6198,0.3238,0.057617709,17.7513039,1.19739E-16,1.85265E+25
3,55,38.19,58.909125,-73,40,57.5,-73.68263889,5.7328,0.286,0.049888362,17.29076838,9.64788E-17,2.34554E+25
3,55,42.66,58.92775,-73,42,18.3,-73.70508333,5.7856,0.2869,0.049588634,17.2720218,9.5611E-17,2.38863E+25
3,55,43.59,58.931625,-73,43,51.4,-73.73094444,5.9242,0.2653,0.044782418,16.96092759,8.20581E-17,2.84982E+25
3,55,13.58,58.80658333,-73,36,48.7,-73.61352778,5.2339,0.3274,0.062553736,18.02526659,1.35446E-16,1.52534E+25
3,55,12.8,58.80333333,-73,38,19.5,-73.63875,5.43,0.1601,0.029484346,15.79460716,4.385E-17,4.88808E+25
3,55,15.9,58.81625,-73,39,47.9,-73.66330556,5.4615,0.2541,0.04652568,17.07614131,8.68939E-17,2.48103E+25
3,55,18.54,58.82725,-73,41,3.1,-73.68419444,5.5245,0.2635,0.047696624,17.15197594,9.01935E-17,2.41783E+25
3,55,21.44,58.83933333,-73,42,36.6,-73.71016667,5.558,0.275,0.04947823,17.26509826,9.5292E-17,2.30235E+25
3,55,22.9,58.84541667,-73,44,2.7,-73.73408333,5.6222,0.2075,0.036907261,16.40051393,6.14018E-17,3.61438E+25
3,54,55.6,58.73166667,-73,39,45.4,-73.66261111,5.2607,0.2269,0.043131142,16.84908698,7.75633E-17,2.67729E+25
3,54,54.56,58.72733333,-73,41,9.7,-73.68602778,5.3458,0.219,0.04096674,16.69819938,7.18011E-17,2.93894E+25
3,54,56.65,58.73604167,-73,42,43.7,-73.71213889,5.3989,0.2381,0.044101576,16.91514345,8.01946E-17,2.65747E+25
3,55,0.29,58.75120833,-73,44,5,-73.73472222,5.4241,0.1938,0.03572943,16.3101409,5.84874E-17,3.66078E+25
4,0,19.8,60.0825,-73,42,59.6,-73.71655556,6.173,0.1691,0.027393488,15.60575167,3.92715E-17,6.20479E+25
3,59,56.08,59.98366667,-73,43,14.8,-73.72077778,6.4975,0.4239,0.065240477,18.16873082,1.44263E-16,1.77787E+25
3,59,37.64,59.90683333,-73,43,22.7,-73.72297222,6.6361,0.4846,0.073024819,18.56477277,1.70832E-16,1.53339E+25
3,59,15.9,59.81625,-73,43,37.9,-73.72719444,6.7428,0.4927,0.073070534,18.56701985,1.70993E-16,1.55658E+25
3,58,54.67,59.72779167,-73,43,45.9,-73.72941667,6.9393,0.4916,0.07084288,18.45650223,1.63235E-16,1.67808E+25
3,58,33.76,59.64066667,-73,43,51.8,-73.73105556,7.0881,0.4691,0.066181346,18.21809996,1.47394E-16,1.89827E+25
3,58,11.01,59.545875,-73,44,12.3,-73.73675,7.3716,0.4952,0.067176732,18.26985794,1.50731E-16,1.93049E+25
3,57,53.33,59.47220833,-73,44,19.2,-73.73866667,7.4409,0.5062,0.068029405,18.31381864,1.5361E-16,1.91212E+25
3,57,32.52,59.3855,-73,44,28,-73.74111111,7.4425,0.5665,0.076116896,18.71486164,1.81795E-16,1.61602E+25
3,57,11.35,59.29729167,-73,44,26.9,-73.74080556,7.2924,0.6088,0.083484175,19.05810743,2.08814E-16,1.37854E+25
3,56,49.67,59.20695833,-73,44,44.4,-73.74566667,7.1141,0.6095,0.085674927,19.15661724,2.17087E-16,1.29359E+25
3,56,26.42,59.11008333,-73,45,2.8,-73.75077778,6.8676,0.5807,0.084556468,19.1065163,2.1285E-16,1.27362E+25
3,56,7.59,59.031625,-73,45,11.5,-73.75319444,6.4636,0.5562,0.086051117,19.17338009,2.18518E-16,1.16761E+25
3,55,44.65,58.93604167,-73,45,27.7,-73.75769444,5.9844,0.4725,0.078955284,18.84939472,1.92056E-16,1.22999E+25
3,55,22.24,58.84266667,-73,45,36.8,-73.76022222,5.5765,0.3513,0.062996503,18.04916985,1.36886E-16,1.60809E+25
3,54,59.6,58.74833333,-73,45,39.1,-73.76086111,5.3379,0.2316,0.043387849,16.86665373,7.82565E-17,2.69252E+25
4,0,25,60.10416667,-73,44,38.2,-73.74394444,6.4636,0.1772,0.027415063,15.60774918,3.93179E-17,6.48923E+25
4,0,0.39,60.001625,-73,44,42.3,-73.74508333,6.7782,0.4304,0.063497684,18.07610049,1.38523E-16,1.93153E+25
3,59,39.07,59.91279167,-73,44,59,-73.74972222,6.8353,0.5134,0.07511009,18.66640771,1.78201E-16,1.51411E+25
3,59,20.28,59.8345,-73,45,8.7,-73.75241667,6.8235,0.5341,0.078273613,18.81735714,1.89575E-16,1.42081E+25
3,58,56.69,59.73620833,-73,45,18.4,-73.75511111,6.9491,0.5649,0.081291102,18.9579194,2.00641E-16,1.36715E+25
3,58,36.72,59.653,-73,45,18.6,-73.75516667,7.0956,0.508,0.071593664,18.49398536,1.65836E-16,1.68896E+25
3,58,14.8,59.56166667,-73,45,30.2,-73.75838889,7.3275,0.5429,0.074090754,18.61694466,1.74586E-16,1.65674E+25
3,57,53.15,59.47145833,-73,45,28,-73.75777778,7.3822,0.5741,0.077768145,18.79349116,1.87742E-16,1.55215E+25
3,57,38.47,59.41029167,-73,45,41.1,-73.76141667,7.3216,0.6052,0.082659528,19.02062297,2.05728E-16,1.40482E+25
3,57,12.84,59.3035,-73,45,49.6,-73.76377778,7.2157,0.6142,0.085119947,19.1318066,2.14981E-16,1.32491E+25
3,56,51.37,59.21404167,-73,46,13.7,-73.77047222,7.1322,0.5816,0.081545666,18.96963198,2.01584E-16,1.39661E+25
3,56,28.62,59.11925,-73,46,25.1,-73.77363889,6.8956,0.5519,0.080036545,18.89986986,1.96015E-16,1.38865E+25
3,56,7.31,59.03045833,-73,46,32,-73.77555556,6.5069,0.5175,0.079530959,18.87632009,1.9416E-16,1.32288E+25
3,55,47.13,58.946375,-73,46,48.1,-73.78002778,6.0037,0.421,0.070123424,18.420353,1.60755E-16,1.47422E+25
3,55,25.26,58.85525,-73,47,1.8,-73.78383333,5.5253,0.3542,0.064105116,18.1085635,1.40515E-16,1.55218E+25
3,55,5.07,58.771125,-73,47,29.4,-73.7915,5.3399,0.2523,0.047248076,17.12306939,8.89247E-17,2.37039E+25
4,0,25.2,60.105,-73,46,2,-73.76722222,6.6073,0.1875,0.028377703,15.695816,4.14058E-17,6.299E+25
4,0,3.6,60.015,-73,46,12.3,-73.77008333,6.7959,0.3618,0.053237982,17.49554447,1.06353E-16,2.52235E+25
3,59,44.47,59.93529167,-73,46,24.1,-73.77336111,6.7873,0.5017,0.073917463,18.60849445,1.73974E-16,1.54E+25
3,59,19.16,59.82983333,-73,46,31.7,-73.77547222,6.7656,0.5337,0.078884356,18.84606907,1.91798E-16,1.39242E+25
3,58,58.78,59.74491667,-73,46,42.4,-73.77844444,6.8263,0.5555,0.081376441,18.96184833,2.00957E-16,1.34088E+25
3,58,38.38,59.65991667,-73,46,53,-73.78138889,6.9727,0.5451,0.078176316,18.81277051,1.89222E-16,1.45458E+25
3,58,17.53,59.57304167,-73,47,2.1,-73.78391667,7.2074,0.5523,0.076629575,18.73938481,1.83634E-16,1.54929E+25
3,57,59.59,59.49829167,-73,47,14.2,-73.78727778,7.2704,0.5694,0.078317562,18.81942776,1.89735E-16,1.51259E+25
3,57,34.29,59.392875,-73,47,32.7,-73.79241667,7.1621,0.5917,0.082615434,19.01861233,2.05563E-16,1.37532E+25
3,57,13.42,59.30591667,-73,47,41.5,-73.79486111,6.9979,0.6081,0.086897498,19.21093425,2.2175E-16,1.2457E+25
3,56,51.63,59.215125,-73,47,47.3,-73.79647222,6.9196,0.5127,0.074093878,18.6170969,1.74597E-16,1.56442E+25
3,56,32.19,59.134125,-73,47,51.5,-73.79763889,6.7778,0.4981,0.073489923,18.58759415,1.72467E-16,1.55129E+25
3,56,9.86,59.04108333,-73,48,4.1,-73.80113889,6.4652,0.4752,0.073501206,18.5881467,1.72507E-16,1.4794E+25
3,55,47.84,58.94933333,-73,48,14.7,-73.80408333,6.1006,0.4405,0.072206013,18.52437857,1.67968E-16,1.43369E+25
3,55,27.06,58.86275,-73,48,26,-73.80722222,5.632,0.3596,0.063849432,18.09492241,1.39675E-16,1.59167E+25
3,55,7.15,58.77979167,-73,48,28.3,-73.80786111,5.3174,0.2739,0.051510137,17.39097422,1.0122E-16,2.07369E+25
4,0,26.83,60.11179167,-73,47,21.4,-73.78927778,6.6656,0.1702,0.025534085,15.42944694,3.53436E-17,7.44453E+25
4,0,5.92,60.02466667,-73,47,39.6,-73.79433333,6.7503,0.4246,0.062900908,18.04401794,1.36575E-16,1.95101E+25
3,59,46.89,59.945375,-73,47,54.6,-73.7985,6.7349,0.4522,0.067142794,18.26810105,1.50617E-16,1.76508E+25
3,59,24.14,59.85058333,-73,48,7.2,-73.802,6.6369,0.4671,0.070379243,18.43323275,1.61635E-16,1.62083E+25
3,59,2.04,59.7585,-73,48,15.7,-73.80436111,6.6321,0.5053,0.076190045,18.71836676,1.82057E-16,1.43798E+25
3,58,41.54,59.67308333,-73,48,34.8,-73.80966667,6.8188,0.5136,0.075321171,18.67659896,1.78952E-16,1.50411E+25
3,58,16.78,59.56991667,-73,48,26.4,-73.80733333,7.1011,0.5145,0.072453564,18.53662053,1.68832E-16,1.66027E+25
3,57,58.73,59.49470833,-73,48,46.9,-73.81302778,7.155,0.5269,0.073640811,18.59497877,1.72998E-16,1.63259E+25
3,57,38.16,59.409,-73,48,53.9,-73.81497222,7.1086,0.5391,0.075837718,18.70146519,1.80796E-16,1.55204E+25
3,57,15.37,59.31404167,-73,49,5.6,-73.81822222,6.8566,0.5404,0.078814573,18.84279531,1.91543E-16,1.41303E+25
3,56,54.46,59.22691667,-73,49,14.2,-73.82061111,6.7101,0.4905,0.073098762,18.56840688,1.71092E-16,1.54813E+25
3,56,34.9,59.14541667,-73,49,26.8,-73.82411111,6.5479,0.47,0.071778738,18.5031881,1.66479E-16,1.55257E+25
3,56,12.31,59.05129167,-73,49,44.6,-73.82905556,6.3297,0.4761,0.075216835,18.67156367,1.7858E-16,1.39913E+25
3,55,48.79,58.95329167,-73,49,47.8,-73.82994444,6.0151,0.4232,0.07035627,18.4320773,1.61556E-16,1.4697E+25
3,55,25.86,58.85775,-73,50,7.1,-73.83530556,5.5308,0.3643,0.065867506,18.20168089,1.46347E-16,1.4918E+25
4,0,28.73,60.11970833,-73,48,47.3,-73.81313889,6.564,0.2813,0.042854966,16.83011202,7.68198E-17,3.3729E+25
4,0,8.25,60.034375,-73,49,6.8,-73.81855556,6.6353,0.4392,0.066191431,18.21862675,1.47428E-16,1.7766E+25
3,59,47.82,59.94925,-73,49,17.9,-73.82163889,6.5849,0.443,0.067275129,18.27494851,1.51063E-16,1.72068E+25
3,59,27.97,59.86654167,-73,49,33.4,-73.82594444,6.5191,0.454,0.069641515,18.39601141,1.59101E-16,1.61742E+25
3,59,5.25,59.771875,-73,49,37.4,-73.82705556,6.4766,0.4459,0.068847852,18.3556954,1.56389E-16,1.63474E+25
3,58,44.15,59.68395833,-73,49,51.8,-73.83105556,6.5372,0.4367,0.066802301,18.25044443,1.49473E-16,1.72638E+25
3,58,22.58,59.59408333,-73,50,4.7,-73.83463889,6.7806,0.4617,0.068091319,18.31699741,1.53819E-16,1.74007E+25
3,58,0.29,59.50120833,-73,50,9.6,-73.836,6.9349,0.5033,0.072574947,18.54261384,1.69257E-16,1.61735E+25
3,57,39.29,59.41370833,-73,50,27,-73.84083333,6.9306,0.5078,0.07326927,18.57677837,1.71691E-16,1.59343E+25
3,57,18.02,59.32508333,-73,50,37.6,-73.84377778,6.7381,0.4923,0.073062139,18.56660726,1.70963E-16,1.55576E+25
3,56,58.65,59.244375,-73,50,45.2,-73.84588889,6.6014,0.4498,0.068137062,18.31934474,1.53974E-16,1.69237E+25
3,56,36.7,59.15291667,-73,50,59.4,-73.84983333,6.3309,0.4399,0.069484591,18.38806268,1.58564E-16,1.57605E+25
3,56,12.94,59.05391667,-73,51,7.9,-73.85219444,6.1329,0.4657,0.075934713,18.70612293,1.81143E-16,1.33645E+25
3,55,54.24,58.976,-73,51,23,-73.85638889,5.7962,0.4327,0.074652358,18.64424749,1.76574E-16,1.29576E+25
3,55,32.82,58.88675,-73,51,29.8,-73.85827778,5.434,0.3501,0.064427678,18.12572428,1.41576E-16,1.51509E+25
4,0,32.54,60.13558333,-73,50,30.3,-73.84175,6.4262,0.2851,0.044365255,16.93292878,8.09146E-17,3.13499E+25
4,0,11.95,60.04979167,-73,50,38.2,-73.84394444,6.4939,0.3868,0.05956359,17.86100042,1.25854E-16,2.0368E+25
3,59,51.04,59.96266667,-73,50,47.9,-73.84663889,6.4061,0.4005,0.062518537,18.02336179,1.35332E-16,1.86854E+25
3,59,30.24,59.876,-73,51,0.7,-73.85019444,6.3404,0.3994,0.062992871,18.04897419,1.36875E-16,1.82853E+25
3,59,7.55,59.78145833,-73,51,16.4,-73.85455556,6.2632,0.4077,0.06509452,18.16103266,1.43779E-16,1.71952E+25
3,58,46.03,59.69179167,-73,51,21,-73.85583333,6.4136,0.4016,0.062616939,18.02868511,1.35651E-16,1.86632E+25
3,58,25.67,59.60695833,-73,51,34.8,-73.85966667,6.6467,0.4403,0.066243399,18.22134063,1.47602E-16,1.77756E+25
3,58,2.61,59.510875,-73,51,52,-73.86444444,6.6715,0.4491,0.067316196,18.2770717,1.51201E-16,1.74172E+25
3,57,43.42,59.43091667,-73,51,54.7,-73.86519444,6.8692,0.4246,0.061812147,17.98499321,1.33045E-16,2.03805E+25
3,57,19.65,59.331875,-73,52,3.6,-73.86766667,6.6093,0.4307,0.065165751,18.16479091,1.44015E-16,1.81157E+25
3,56,59.92,59.24966667,-73,52,13.1,-73.87030556,6.4168,0.394,0.061401322,17.96255244,1.31721E-16,1.92296E+25
3,56,37.49,59.15620833,-73,52,25.9,-73.87386111,6.2014,0.3774,0.060857226,17.93268684,1.29975E-16,1.88338E+25
3,56,18.86,59.07858333,-73,52,32.8,-73.87577778,6.0801,0.3747,0.061627276,17.97490646,1.32449E-16,1.81205E+25
3,55,55.63,58.98179167,-73,52,45.8,-73.87938889,5.8659,0.3886,0.066247294,18.22154396,1.47615E-16,1.5686E+25
3,55,34.42,58.89341667,-73,52,59.1,-73.88308333,5.5167,0.3387,0.061395399,17.96222826,1.31702E-16,1.65346E+25
4,0,35.69,60.14870833,-73,51,57,-73.86583333,6.2904,0.291,0.046260969,17.05882782,8.61537E-17,2.88213E+25
4,0,14.62,60.06091667,-73,52,3.5,-73.86763889,6.2616,0.3738,0.059697202,17.86844942,1.26278E-16,1.95735E+25
3,59,52.37,59.96820833,-73,52,20.9,-73.87247222,6.264,0.3553,0.056720945,17.69996397,1.16955E-16,2.11417E+25
3,59,34.35,59.893125,-73,52,33.4,-73.87594444,6.2459,0.3549,0.056821275,17.70573319,1.17266E-16,2.10248E+25
3,59,9.27,59.788625,-73,52,50.8,-73.88077778,6.2014,0.3749,0.060454091,17.91045061,1.28686E-16,1.90225E+25
3,58,47.26,59.69691667,-73,52,54.1,-73.88169444,6.3223,0.3625,0.057336729,17.73527228,1.18865E-16,2.09958E+25
3,58,26.74,59.61141667,-73,53,4.6,-73.88461111,6.49,0.3848,0.059291217,17.84578274,1.24992E-16,2.04961E+25
3,58,5.17,59.52154167,-73,53,9,-73.88583333,6.625,0.4037,0.060935849,17.93701281,1.30227E-16,2.00814E+25
3,57,43.65,59.431875,-73,53,25,-73.89027778,6.6865,0.3648,0.054557691,17.5739695,1.10331E-16,2.39227E+25
3,57,22.98,59.34575,-73,53,31.9,-73.89219444,6.5581,0.3868,0.058980497,17.82836887,1.24011E-16,2.0875E+25
3,57,0.53,59.25220833,-73,53,44.8,-73.89577778,6.3419,0.3366,0.053075577,17.48580841,1.05867E-16,2.36465E+25
3,56,39.97,59.16654167,-73,53,54.7,-73.89852778,6.0955,0.3587,0.05884669,17.82085207,1.23589E-16,1.94687E+25
3,56,19.5,59.08125,-73,53,56.1,-73.89891667,5.9041,0.3319,0.056215173,17.67078216,1.15395E-16,2.01965E+25
3,55,53.88,58.9745,-73,54,10.6,-73.90294444,5.7171,0.2804,0.049045845,17.23788738,9.40461E-17,2.39963E+25
3,55,30.83,58.87845833,-73,54,18.3,-73.90508333,5.5115,0.2456,0.044561372,16.94611271,8.14515E-17,2.67103E+25
4,0,37.74,60.15725,-73,53,26.1,-73.89058333,6.2372,0.2613,0.041893798,16.76344767,7.4251E-17,3.31586E+25
4,0,16.91,60.07045833,-73,53,39.3,-73.89425,6.2478,0.3375,0.054019015,17.54210515,1.08701E-16,2.26882E+25
3,59,54.82,59.97841667,-73,53,51.4,-73.89761111,6.2652,0.3609,0.057603907,17.75051759,1.19696E-16,2.06616E+25
3,59,32,59.88333333,-73,53,55.6,-73.89877778,6.2159,0.405,0.065155488,18.16424958,1.43981E-16,1.70414E+25
3,59,12.91,59.80379167,-73,54,2,-73.90055556,6.2226,0.3717,0.059733873,17.87049205,1.26394E-16,1.94337E+25
3,58,50.92,59.71216667,-73,54,17.1,-73.90475,6.2762,0.3805,0.060625856,17.91993623,1.29235E-16,1.91702E+25
3,58,29.64,59.6235,-73,54,39.8,-73.91105556,6.4388,0.3832,0.059514195,17.85824392,1.25697E-16,2.02203E+25
3,58,8.25,59.534375,-73,54,39.1,-73.91086111,6.6408,0.3836,0.057764125,17.7596383,1.20196E-16,2.18092E+25
3,57,46.77,59.444875,-73,54,46.7,-73.91297222,6.6002,0.363,0.054998333,17.59988687,1.1167E-16,2.33308E+25
3,57,25.29,59.355375,-73,54,54.1,-73.91502778,6.4927,0.3749,0.057741772,17.75836676,1.20126E-16,2.13352E+25
3,57,4.17,59.267375,-73,55,11.2,-73.91977778,6.2191,0.3553,0.057130453,17.72347143,1.18224E-16,2.0765E+25
3,56,41.77,59.17404167,-73,55,15.6,-73.921,6.0033,0.3841,0.063981477,18.10197141,1.40108E-16,1.69135E+25
3,56,20.6,59.08583333,-73,55,20.7,-73.92241667,5.9057,0.3166,0.053609225,17.51772956,1.07467E-16,2.16922E+25
3,55,57.4,58.98916667,-73,55,25.3,-73.92369444,5.6679,0.2422,0.042731876,16.82162937,7.64892E-17,2.92503E+25
3,55,35.13,58.896375,-73,55,44.3,-73.92897222,5.5667,0.2195,0.039430902,16.58794998,6.78031E-17,3.24084E+25
3,55,19.03,58.82929167,-73,55,55.9,-73.93219444,5.2832,0.2685,0.050821472,17.34867294,9.91973E-17,2.10235E+25
4,0,41.24,60.17183333,-73,54,50.9,-73.91413889,6.1691,0.2442,0.03958438,16.59909223,6.81992E-17,3.57068E+25
4,0,18.93,60.078875,-73,55,8.4,-73.919,6.2955,0.3045,0.048367882,17.19491043,9.21035E-17,2.69813E+25
3,59,57.73,59.99054167,-73,55,23.3,-73.92313889,6.3207,0.3495,0.055294509,17.61723324,1.12573E-16,2.21636E+25
3,59,34.29,59.892875,-73,55,22.9,-73.92302778,6.2455,0.374,0.059883116,17.87879694,1.26868E-16,1.94323E+25
3,59,15.03,59.812625,-73,55,46.2,-73.9295,6.2695,0.3756,0.059909084,17.88024064,1.2695E-16,1.94943E+25
3,58,53.61,59.723375,-73,55,45.8,-73.92938889,6.3167,0.3708,0.058701537,17.81268575,1.23132E-16,2.02501E+25
3,58,32.3,59.63458333,-73,56,8.6,-73.93572222,6.4872,0.3881,0.059825503,17.87559248,1.26685E-16,2.02135E+25
3,58,10.26,59.54275,-73,56,23.3,-73.93980556,6.5691,0.4021,0.06121082,17.95211468,1.31109E-16,1.9778E+25
3,57,48.5,59.45208333,-73,56,24.4,-73.94011111,6.4506,0.4325,0.067048027,18.26319239,1.50299E-16,1.69416E+25
3,57,28.68,59.3695,-73,56,34,-73.94277778,6.4073,0.4156,0.064863515,18.14882683,1.43015E-16,1.76849E+25
3,57,7.03,59.27929167,-73,56,38.1,-73.94391667,6.1766,0.3591,0.058138782,17.7809044,1.21367E-16,2.0089E+25
3,56,44.14,59.18391667,-73,56,41.1,-73.94475,6.0128,0.3263,0.054267563,17.55683244,1.09452E-16,2.16851E+25
3,56,23.31,59.097125,-73,56,56.1,-73.94891667,5.9116,0.3256,0.055078151,17.60456746,1.11913E-16,2.08513E+25
3,55,59.86,58.99941667,-73,57,5.9,-73.95163889,5.7868,0.2393,0.041352734,16.7254821,7.28178E-17,3.13696E+25
3,55,38.98,58.91241667,-73,57,8.8,-73.95244444,5.7431,0.2413,0.042015636,16.77195272,7.4575E-17,3.03992E+25
3,55,18.58,58.82741667,-73,57,24.8,-73.95688889,5.5076,0.2507,0.045518919,17.00995066,8.40899E-17,2.5854E+25
4,0,42.06,60.17525,-73,56,19.3,-73.93869444,6.151,0.2012,0.032710128,16.0691008,5.12358E-17,4.73894E+25
4,0,21.62,60.09008333,-73,56,33.8,-73.94272222,6.2841,0.237,0.037714231,16.46134034,6.34257E-17,3.91099E+25
4,0,1.7,60.00708333,-73,56,41.1,-73.94475,6.3766,0.2838,0.044506477,16.9424262,8.13011E-17,3.096E+25
3,59,38.55,59.910625,-73,56,58.9,-73.94969444,6.3652,0.3272,0.051404512,17.38450976,1.00909E-16,2.48996E+25
3,59,17.17,59.82154167,-73,57,10.3,-73.95286111,6.312,0.3562,0.056432193,17.68332391,1.16064E-16,2.14674E+25
3,58,54.86,59.72858333,-73,57,18.8,-73.95522222,6.4002,0.3533,0.0552014,17.61178642,1.12289E-16,2.24992E+25
3,58,36.15,59.650625,-73,57,26.4,-73.95733333,6.5451,0.3515,0.053704298,17.52339531,1.07753E-16,2.3977E+25
3,58,15.41,59.56420833,-73,57,33.6,-73.95933333,6.5865,0.4057,0.061595688,17.97318111,1.32347E-16,1.96448E+25
3,57,51.63,59.465125,-73,57,46.1,-73.96280556,6.425,0.4273,0.066505837,18.23502548,1.4848E-16,1.70811E+25
3,57,28.51,59.36879167,-73,57,54.5,-73.96513889,6.2872,0.3659,0.058197608,17.78423561,1.21551E-16,2.04178E+25
3,57,9.45,59.289375,-73,58,3.6,-73.96766667,6.1518,0.3178,0.051659677,17.400112,1.01661E-16,2.38868E+25
3,56,49.14,59.20475,-73,58,11.7,-73.96991667,5.9655,0.3128,0.052434834,17.44721045,1.03956E-16,2.26519E+25
3,56,26.12,59.10883333,-73,58,23,-73.97305556,5.7931,0.2955,0.051008959,17.36022541,9.97465E-17,2.29257E+25
3,56,4.33,59.01804167,-73,58,35.1,-73.97641667,5.8155,0.2453,0.04218038,16.78342742,7.50139E-17,3.06023E+25
3,55,40.84,58.92016667,-73,58,44.7,-73.97908333,5.6686,0.2089,0.036852133,16.39632681,6.12643E-17,3.65239E+25
3,55,21.29,58.83870833,-73,58,51.8,-73.98105556,5.3828,0.1909,0.035464814,16.28956783,5.78391E-17,3.67363E+25
4,0,46.49,60.19370833,-73,57,46.8,-73.963,5.958,0.163,0.027358174,15.60247988,3.91956E-17,6.00028E+25
4,0,21.82,60.09091667,-73,57,57.6,-73.966,6.1116,0.2577,0.042165718,16.78240734,7.49748E-17,3.21772E+25
4,0,1.75,60.00729167,-73,58,21.7,-73.97269444,6.3455,0.2874,0.045291939,16.99489737,8.34619E-17,3.00114E+25
3,59,41.19,59.921625,-73,58,24.3,-73.97341667,6.3896,0.3052,0.047765118,17.15637463,9.03878E-17,2.79044E+25
3,59,20.89,59.83704167,-73,58,33.2,-73.97588889,6.3975,0.3375,0.052754982,17.46653329,1.0491E-16,2.40715E+25
3,58,59.01,59.745875,-73,58,43.1,-73.97863889,6.4175,0.3324,0.051795871,17.40841957,1.02063E-16,2.48203E+25
3,58,36.33,59.651375,-73,58,53.5,-73.98152778,6.4699,0.3549,0.054854016,17.59141308,1.11231E-16,2.29605E+25
3,58,16.47,59.568625,-73,59,3.4,-73.98427778,6.4235,0.3645,0.056744765,17.70133428,1.17029E-16,2.16664E+25
3,57,53.45,59.47270833,-73,59,15.3,-73.98758333,6.151,0.3621,0.058868477,17.82207669,1.23658E-16,1.96351E+25
3,57,33.49,59.38954167,-73,59,33.5,-73.99263889,6.0907,0.3144,0.051619682,17.39766977,1.01543E-16,2.3677E+25
3,57,9.87,59.291125,-73,59,40.4,-73.99455556,5.9053,0.2973,0.050344606,17.3191665,9.78049E-17,2.38336E+25
3,56,47.82,59.19925,-73,59,46.3,-73.99619444,5.7698,0.2764,0.047904607,17.16532004,9.07839E-17,2.50877E+25
3,56,27.14,59.11308333,-73,59,56.1,-73.99891667,5.7332,0.2368,0.041303286,16.72199634,7.26873E-17,3.11349E+25
3,56,4.86,59.02025,-74,0,6.8,-74.00188889,5.6541,0.2143,0.0379017,16.47534828,6.38989E-17,3.49284E+25
3,55,42.24,58.926,-74,0,19.2,-74.00533333,5.4915,0.1677,0.030538104,15.88639067,4.62205E-17,4.68992E+25
4,0,48.71,60.20295833,-73,59,19.2,-73.98866667,5.8679,0.1758,0.029959611,15.83627083,4.4914E-17,5.15715E+25
4,0,25.45,60.10604167,-73,59,25.6,-73.99044444,6.0604,0.2752,0.045409544,17.00270296,8.37871E-17,2.85518E+25
4,0,4.15,60.01729167,-73,59,40.6,-73.99461111,6.2435,0.2746,0.043981741,16.9070377,7.98681E-17,3.08577E+25
3,59,40.02,59.91675,-73,59,55.7,-73.99880556,6.3734,0.2701,0.042379264,16.79724126,7.55448E-17,3.33024E+25
3,59,23.44,59.84766667,-74,0,7.1,-74.00197222,6.4014,0.2851,0.044537133,16.94448528,8.13851E-17,3.10484E+25
3,59,2.31,59.759625,-74,0,16.5,-74.00458333,6.3538,0.3326,0.052346627,17.44187349,1.03694E-16,2.41873E+25
3,58,39.6,59.665,-74,0,26.8,-74.00744444,6.2793,0.3292,0.052426226,17.44668988,1.03931E-16,2.38493E+25
3,58,18.46,59.57691667,-74,0,35.9,-74.00997222,6.1293,0.3648,0.0595174,17.85842281,1.25708E-16,1.92468E+25
3,57,56.9,59.48708333,-74,0,55.2,-74.01533333,5.9273,0.3074,0.051861725,17.41243154,1.02257E-16,2.28808E+25
3,57,37.08,59.4045,-74,0,56.5,-74.01569444,5.7419,0.2863,0.049861544,17.28909401,9.64011E-17,2.35116E+25
3,57,12.51,59.302125,-74,1,0.8,-74.01688889,5.6052,0.2721,0.048544209,17.20612502,9.26074E-17,2.38921E+25
3,56,50.67,59.211125,-74,1,13.2,-74.02033333,5.5706,0.2246,0.040318817,16.65202351,7.01051E-17,3.13661E+25
3,56,29.62,59.12341667,-74,1,24.9,-74.02358333,5.5741,0.2183,0.039163273,16.56845255,6.71143E-17,3.27845E+25
3,56,8.56,59.03566667,-74,1,36.5,-74.02680556,5.4934,0.2064,0.03757236,16.45070902,6.30683E-17,3.43826E+25
3,55,46.01,58.94170833,-74,1,40.5,-74.02791667,5.4029,0.179,0.033130356,16.1035095,5.22258E-17,4.08367E+25
4,0,51.26,60.21358333,-74,0,49.7,-74.01380556,5.6824,0.1698,0.02988174,15.82947486,4.47391E-17,5.01364E+25
4,0,31.33,60.13054167,-74,1,8.9,-74.01913889,5.9372,0.2528,0.042578993,16.8110715,7.60793E-17,3.08052E+25
4,0,7.89,60.032875,-74,1,11.9,-74.01997222,6.1585,0.2447,0.039733701,16.60990558,6.85853E-17,3.54448E+25
3,59,46.55,59.94395833,-74,1,26.8,-74.02411111,6.3104,0.2249,0.035639579,16.30316661,5.8267E-17,4.27507E+25
3,59,24.48,59.852,-74,1,33.6,-74.026,6.3061,0.2496,0.039580723,16.59882709,6.81897E-17,3.65048E+25
3,59,3.65,59.76520833,-74,1,41.1,-74.02808333,6.2258,0.2941,0.047238909,17.12247681,8.88989E-17,2.76444E+25
3,58,42.49,59.67704167,-74,1,50.3,-74.03063889,6.0124,0.2971,0.049414543,17.26109994,9.51081E-17,2.49539E+25
3,58,21.78,59.59075,-74,2,0.9,-74.03358333,5.8324,0.2734,0.046876072,17.0989615,8.7877E-17,2.61988E+25
3,57,58.69,59.49454167,-74,2,12.8,-74.03688889,5.6104,0.2269,0.040442749,16.66089313,7.04285E-17,3.14452E+25
3,57,34.67,59.39445833,-74,2,21.9,-74.03941667,5.4607,0.2303,0.04217408,16.78298916,7.49971E-17,2.87417E+25
3,57,17.44,59.32266667,-74,2,28,-74.04111111,5.404,0.19,0.035159141,16.26567611,5.70933E-17,3.73627E+25
3,56,56.03,59.23345833,-74,2,41.8,-74.04494444,5.3737,0.163,0.030332918,15.86868693,4.57557E-17,4.63593E+25
3,56,32.79,59.136625,-74,2,49.9,-74.04719444,5.3643,0.1623,0.030255579,15.86199322,4.55809E-17,4.64557E+25
3,56,10.11,59.042125,-74,3,2.5,-74.05069444,5.3111,0.1774,0.033401744,16.12557713,5.28685E-17,3.96548E+25
4,0,54.48,60.227,-74,2,16.4,-74.03788889,5.5312,0.1295,0.023412641,15.21730476,3.10338E-17,7.03547E+25
4,0,30.68,60.12783333,-74,2,21.5,-74.03930556,5.7541,0.2795,0.04857406,17.208021,9.26928E-17,2.45042E+25
4,0,7.87,60.03279167,-74,2,40.9,-74.04469444,6.0293,0.2555,0.042376395,16.79704232,7.55371E-17,3.15076E+25
3,59,47.29,59.94704167,-74,2,55.2,-74.04866667,6.1577,0.2478,0.040242298,16.64653834,6.99057E-17,3.47708E+25
3,59,29.02,59.87091667,-74,2,56,-74.04888889,6.1246,0.2721,0.044427391,16.93710997,8.10846E-17,2.98159E+25
3,59,5.59,59.77329167,-74,3,10.3,-74.05286111,5.9982,0.2732,0.045546997,17.01180942,8.41676E-17,2.81309E+25
3,58,43.19,59.67995833,-74,3,30.4,-74.05844444,5.8313,0.2815,0.04827397,17.18892681,9.18355E-17,2.50648E+25
3,58,23.12,59.59633333,-74,3,37.2,-74.06033333,5.6765,0.2867,0.050506474,17.32920217,9.82768E-17,2.28002E+25
3,57,59.86,59.49941667,-74,3,45.9,-74.06275,5.4253,0.1495,0.02755608,15.62077903,3.96215E-17,5.40507E+25
3,57,43.61,59.43170833,-74,3,46.5,-74.06291667,5.2446,0.2291,0.043683026,16.88676993,7.90561E-17,2.6187E+25
4,0,56.77,60.23654167,-74,3,40.4,-74.06122222,5.3899,0.1713,0.031781666,15.99202045,4.90709E-17,4.33576E+25
4,0,34.27,60.14279167,-74,3,58,-74.06611111,5.5485,0.2856,0.051473371,17.38872506,1.01111E-16,2.16613E+25
4,0,13.41,60.055875,-74,4,5.9,-74.06830556,5.7257,0.293,0.051172782,17.37029761,1.00227E-16,2.25502E+25
3,59,49.83,59.957625,-74,4,17.3,-74.07147222,5.8352,0.262,0.044899918,16.96878338,8.23811E-17,2.796E+25
3,59,31.13,59.87970833,-74,4,28.5,-74.07458333,5.7198,0.2984,0.052169656,17.43114851,1.03169E-16,2.18846E+25
3,59,7.99,59.78329167,-74,4,40.9,-74.07802778,5.5978,0.2856,0.051020044,17.36090757,9.9779E-17,2.21456E+25
3,58,47.89,59.69954167,-74,4,47.8,-74.07994444,5.5363,0.2941,0.053122121,17.48860066,1.06006E-16,2.06156E+25
3,58,25.45,59.60604167,-74,5,7.8,-74.0855,5.4753,0.2438,0.044527241,16.94382095,8.1358E-17,2.65654E+25
3,58,6.13,59.52554167,-74,5,13.9,-74.08719444,5.278,0.1794,0.033990148,16.17301709,5.4271E-17,3.83893E+25
4,0,58.42,60.24341667,-74,5,8.2,-74.08561111,5.293,0.1351,0.025524277,15.42849426,3.53232E-17,5.91494E+25
4,0,36.16,60.15066667,-74,5,32.4,-74.09233333,5.3422,0.2249,0.042098761,16.77774615,7.47963E-17,2.81935E+25
4,0,16.78,60.06991667,-74,5,47.6,-74.09655556,5.3777,0.2168,0.040314633,16.65172376,7.00942E-17,3.02847E+25
3,59,53.56,59.97316667,-74,5,48.7,-74.09686111,5.3722,0.2147,0.039965005,16.62660348,6.91848E-17,3.06514E+25
3,59,29.47,59.87279167,-74,5,58.5,-74.09958333,5.2796,0.2035,0.038544587,16.52304318,6.55309E-17,3.18027E+25
3,59,8.88,59.787,-74,6,4.1,-74.10113889,5.2796,0.2073,0.039264338,16.57582563,6.73741E-17,3.09326E+25
3,58,50.07,59.708625,-74,6,23.5,-74.10652778,5.3371,0.1909,0.035768489,16.31316907,5.85833E-17,3.59617E+25
3,58,29.54,59.62308333,-74,6,20.5,-74.10569444,5.2528,0.1803,0.034324551,16.1997359,5.50735E-17,3.76493E+25
4,1,1.6,60.25666667,-74,6,43.4,-74.11205556,5.2906,0.2278,0.043057498,16.84403492,7.73648E-17,2.69942E+25
4,0,44.6,60.18583333,-74,6,57.1,-74.11586111,5.2627,0.2019,0.038364338,16.50972376,6.50719E-17,3.19245E+25
4,1,2,60.25833333,-74,8,10.4,-74.13622222,5.2635,0.1781,0.033836801,16.16070634,5.39043E-17,3.85443E+25
4,0,49.47,60.206125,-74,8,14.2,-74.13727778,5.2501,0.1626,0.030970839,15.9234683,4.72059E-17,4.39016E+25
